product url,product name,product price,rating,no of reviews
http://www.amazon.in/School-Backpack-Cartoon-Travel-Toddler/dp/B08WWG91Q3/ref=sxin_26_trfob_2_B08WWG91Q3?content-id=amzn1.sym.663389f5-ce48-431d-bf46-d5a988f9fcee%3Aamzn1.sym.663389f5-ce48-431d-bf46-d5a988f9fcee&crid=2M096C61O4MLT&cv_ct_cx=bags&keywords=bags&pd_rd_i=B08WWG91Q3&pd_rd_r=f14dcbe2-8009-4dbb-a8de-8205cdb52fae&pd_rd_w=utosm&pd_rd_wg=kpvam&pf_rd_p=663389f5-ce48-431d-bf46-d5a988f9fcee&pf_rd_r=F7Q0G72DR5HZTMPHGK19&qid=1679497513&sbo=RZvfv%2F%2FHxDF%2BO5021pAnSA%3D%3D&sprefix=ba%2Caps%2C283&sr=1-3-cc7a04fe-cc55-42ad-b883-1b910070c86a,Blue Tree Kids School Bag Soft Plush Backpack Combo Cartoon Bags Mini Travel Bag for for Girls Boys Toddler Baby (Pack of 2),435.,4.0 out of 5 stars,4 ratings
http://www.amazon.in/Backpack-Toddler-Animal-Cartoon-Travel/dp/B09H3H3898/ref=sxin_26_trfob_3_B09H3H3898?content-id=amzn1.sym.663389f5-ce48-431d-bf46-d5a988f9fcee%3Aamzn1.sym.663389f5-ce48-431d-bf46-d5a988f9fcee&crid=2M096C61O4MLT&cv_ct_cx=bags&keywords=bags&pd_rd_i=B09H3H3898&pd_rd_r=f14dcbe2-8009-4dbb-a8de-8205cdb52fae&pd_rd_w=utosm&pd_rd_wg=kpvam&pf_rd_p=663389f5-ce48-431d-bf46-d5a988f9fcee&pf_rd_r=F7Q0G72DR5HZTMPHGK19&qid=1679497513&sbo=RZvfv%2F%2FHxDF%2BO5021pAnSA%3D%3D&sprefix=ba%2Caps%2C283&sr=1-4-cc7a04fe-cc55-42ad-b883-1b910070c86a,blue tree 10 ltrs (5 Cms)Backpack(Rider01_Yellow),288.,4.0 out of 5 stars,69 ratings
http://www.amazon.in/sspa/click?ie=UTF8&spc=MTo3NDIwODg2ODE0ODM5MTk2OjE2Nzk0OTc1NTM6c3BfYXRmX25leHQ6MjAxMjE0ODk2Mzg0OTg6OjA6Og&url=%2FLOOKMUSTER-Waterproof-Backpack-College-Business%2Fdp%2FB0BS6YGKMC%2Fref%3Dsr_1_17_sspa%3Fcrid%3D2M096C61O4MLT%26keywords%3Dbags%26qid%3D1679497553%26sprefix%3Dba%252Caps%252C283%26sr%3D8-17-spons%26sp_csd%3Dd2lkZ2V0TmFtZT1zcF9hdGZfbmV4dA%26psc%3D1,LOOKMUSTER Casual Waterproof Laptop Backpack/Office Bag/School Bag/College Bag/Business Bag/Travel Backpack,529.,5.0 out of 5 stars,2 ratings
http://www.amazon.in/sspa/click?ie=UTF8&spc=MTo3NDIwODg2ODE0ODM5MTk2OjE2Nzk0OTc1NTM6c3BfYXRmX25leHQ6MjAwOTEwODkyNDY3OTg6OjA6Og&url=%2FHalf-Moon-Backpack-Luggage-Compartment%2Fdp%2FB09VCLZ3K4%2Fref%3Dsr_1_18_sspa%3Fcrid%3D2M096C61O4MLT%26keywords%3Dbags%26qid%3D1679497553%26sprefix%3Dba%252Caps%252C283%26sr%3D8-18-spons%26sp_csd%3Dd2lkZ2V0TmFtZT1zcF9hdGZfbmV4dA%26psc%3D1,Half Moon Large 37L Laptop Bag Backpack for menं Women Boys and Girls Luggage Travel Bags with 17.3 inches Laptop Compartment & Rain Cover,849.,3.9 out of 5 stars,"2,349 ratings"
http://www.amazon.in/ADISA-BP005-Weight-Casual-Backpack/dp/B07F3X45WZ/ref=sr_1_19?crid=2M096C61O4MLT&keywords=bags&qid=1679497553&sprefix=ba%2Caps%2C283&sr=8-19,ADISA Light Weight Laptop Backpack 32 Ltrs,499.,4.0 out of 5 stars,"5,657 ratings"
http://www.amazon.in/F-Gear-Luxur-Brown-Backpack/dp/B01F7AX9ZA/ref=sr_1_25?crid=2M096C61O4MLT&keywords=bags&qid=1679497553&sprefix=ba%2Caps%2C283&sr=8-25,F Gear Luxur Brown 25 liter Laptop Backpack (2404),"1,032.",4.4 out of 5 stars,"16,474 ratings"
http://www.amazon.in/Safari-Backpack-Resistant-Polyester-Travelling/dp/B09B29F66W/ref=sr_1_26?crid=2M096C61O4MLT&keywords=bags&qid=1679497553&sprefix=ba%2Caps%2C283&sr=8-26,"Safari Flash Casual Backpack, 26 ltr Water Resistant Travel Bags| Weight Polyester Bagpack for Men and Women, Spacious Shoulder Bag for College, Office, Travelling and Camping",799.,3.9 out of 5 stars,"2,442 ratings"
http://www.amazon.in/sspa/click?ie=UTF8&spc=MTo3NDIwODg2ODE0ODM5MTk2OjE2Nzk0OTc1NTM6c3BfbXRmOjIwMTA1NDUxODUxNTk4OjowOjo&url=%2Fuppercase-Professional-Backpack-resistant-sustainable%2Fdp%2FB0BR1D4SL1%2Fref%3Dsr_1_27_sspa%3Fcrid%3D2M096C61O4MLT%26keywords%3Dbags%26qid%3D1679497553%26sprefix%3Dba%252Caps%252C283%26sr%3D8-27-spons%26sp_csd%3Dd2lkZ2V0TmFtZT1zcF9tdGY%26psc%3D1,"uppercase Apex Professional Laptop Backpack (15.6 Inch) 3x more water resistant sustainable bags with rain proof zippers for Men, Women, Boys and Girls, 750 Days warranty","1,800",4.9 out of 5 stars,18 ratings
http://www.amazon.in/sspa/click?ie=UTF8&spc=MTo3NDIwODg2ODE0ODM5MTk2OjE2Nzk0OTc1NTM6c3BfbXRmOjIwMDMxMzA3NTc2MDk4OjowOjo&url=%2FHEROZ-Hammer-Durable-Travel-Laptop%2Fdp%2FB07MGDGZR3%2Fref%3Dsr_1_28_sspa%3Fcrid%3D2M096C61O4MLT%26keywords%3Dbags%26qid%3D1679497553%26sprefix%3Dba%252Caps%252C283%26sr%3D8-28-spons%26sp_csd%3Dd2lkZ2V0TmFtZT1zcF9tdGY%26psc%3D1,HEROZ Hammer Unisex Nylon 45 L Travel Laptop Backpack Water Resistant Slim Durable Fits Up to 17.3 Inch Laptop Notebook (Grey & Red),"1,349.",4.3 out of 5 stars,"7,738 ratings"
http://www.amazon.in/AirCase-C34-Laptop-Backpack-Women/dp/B07QN4KXWG/ref=sr_1_32?crid=2M096C61O4MLT&keywords=bags&qid=1679497553&sprefix=ba%2Caps%2C283&sr=8-32,"AirCase Laptop Bag Backpack Case Pouch for Laptop Backpack for Men & Women,Premium Vegan Leather",929.,3.9 out of 5 stars,753 ratings
http://www.amazon.in/ADISA-Laptop-Backpack-Office-College/dp/B0BPVCBFM7/ref=sr_1_34?crid=2M096C61O4MLT&keywords=bags&qid=1679497553&sprefix=ba%2Caps%2C283&sr=8-34,ADISA 35L Large Laptop Backpack Office Bag College Travel Back Pack with rain Cover (Green),599.,3.9 out of 5 stars,36 ratings
http://www.amazon.in/Lenovo-15-6-Inches-Everyday-Backpack/dp/B08R7RPVJF/ref=sr_1_35?crid=2M096C61O4MLT&keywords=bags&qid=1679497553&sprefix=ba%2Caps%2C283&sr=8-35,"Lenovo 15.6"" (39.62cm) Slim Everyday Backpack, Made in India, Compact, Water-resistant, Organized storage:Laptop sleeve,tablet pocket,front workstation,2-side pockets,Padded adjustable shoulder straps",652.,4.4 out of 5 stars,"2,734 ratings"
http://www.amazon.in/sspa/click?ie=UTF8&spc=MTo3NDIwODg2ODE0ODM5MTk2OjE2Nzk0OTc1NTM6c3BfYnRmOjIwMTA1NzE1ODIxNTk4OjowOjo&url=%2Fuppercase-Professional-resistant-sustainable-Anti-theft%2Fdp%2FB0BR1C59R8%2Fref%3Dsr_1_37_sspa%3Fcrid%3D2M096C61O4MLT%26keywords%3Dbags%26qid%3D1679497553%26sprefix%3Dba%252Caps%252C283%26sr%3D8-37-spons%26sp_csd%3Dd2lkZ2V0TmFtZT1zcF9idGY%26psc%3D1,"uppercase SealPro Professional Laptop Backpack (15.6 Inch) 3x more water resistant sustainable bags with rain proof zippers & Anti-theft for Men, Women, Boys and Girls, 750 Days warranty","1,900",4.9 out of 5 stars,23 ratings
http://www.amazon.in/sspa/click?ie=UTF8&spc=MTo3NDIwODg2ODE0ODM5MTk2OjE2Nzk0OTc1NTM6c3BfYnRmOjIwMTI5MzYwNDEyODk4OjowOjo&url=%2FCasual-Waterproof-Backpack-College-Business%2Fdp%2FB09WJ16LPN%2Fref%3Dsr_1_38_sspa%3Fcrid%3D2M096C61O4MLT%26keywords%3Dbags%26qid%3D1679497553%26sprefix%3Dba%252Caps%252C283%26sr%3D8-38-spons%26sp_csd%3Dd2lkZ2V0TmFtZT1zcF9idGY%26psc%3D1,LOOKMUSTER (15.6 inch 30 L Casual Waterproof Laptop Backpack/Office Bag/School Bag/College Bag/Business Bag/Unisex Travel Backpack,599.,3.7 out of 5 stars,4 ratings
http://www.amazon.in/sspa/click?ie=UTF8&spc=MTo4NjQzNTU1NjY3Njk1MTA3OjE2Nzk0OTc2MjE6c3BfYXRmX25leHQ6MjAxMjU4OTk5MjA2OTg6OjA6Og&url=%2Fuppercase-Professional-Backpack-resistant-sustainable%2Fdp%2FB0BWNBQXDZ%2Fref%3Dsr_1_33_sspa%3Fcrid%3D2M096C61O4MLT%26keywords%3Dbags%26qid%3D1679497621%26sprefix%3Dba%252Caps%252C283%26sr%3D8-33-spons%26sp_csd%3Dd2lkZ2V0TmFtZT1zcF9hdGZfbmV4dA%26psc%3D1,"uppercase Apex Professional Laptop Backpack (15.6 Inch) 3x more water resistant sustainable bags with rain proof zippers for Men, Women, Boys and Girls, 750 Days warranty","1,800.",4.9 out of 5 stars,18 ratings
http://www.amazon.in/sspa/click?ie=UTF8&spc=MTo4NjQzNTU1NjY3Njk1MTA3OjE2Nzk0OTc2MjE6c3BfYXRmX25leHQ6MjAwMzI1NjUwNDY4OTg6OjA6Og&url=%2FHEROZ-Backpack-Resistant-Computer-17-3-inch%2Fdp%2FB083N3DCTM%2Fref%3Dsr_1_34_sspa%3Fcrid%3D2M096C61O4MLT%26keywords%3Dbags%26qid%3D1679497621%26sprefix%3Dba%252Caps%252C283%26sr%3D8-34-spons%26sp_csd%3Dd2lkZ2V0TmFtZT1zcF9hdGZfbmV4dA%26psc%3D1,HEROZ Hacker 50 litres Nylon Travel Laptop Backpack Water Resistant Slim Durable Computer Book Bag Tracking Fits Up to 17.3-inch Laptop (058- ALL) (Navy Blue),"1,439.",4.1 out of 5 stars,"3,718 ratings"
http://www.amazon.in/Motherly-Diaper-Travel-Basic-Black/dp/B07QXSNDKN/ref=sr_1_35?crid=2M096C61O4MLT&keywords=bags&qid=1679497621&sprefix=ba%2Caps%2C283&sr=8-35,motherly Diaper Bags for Mom Travel Basic Edition (Black),"1,536.",4.5 out of 5 stars,"2,335 ratings"
http://www.amazon.in/AUXTER-BLACKY-Duffel-Emboss-Black/dp/B07F2H25NP/ref=sr_1_39?crid=2M096C61O4MLT&keywords=bags&qid=1679497621&sprefix=ba%2Caps%2C283&sr=8-39,AUXTER Faux Leather 23 Cms Duffle Bag(AUX_GB_LE_Black -SE_0521_Black),376.,4.3 out of 5 stars,"8,912 ratings"
http://www.amazon.in/Genie-Glitter-Backpack-Women-compartments/dp/B097JHQH13/ref=sr_1_41?crid=2M096C61O4MLT&keywords=bags&qid=1679497621&sprefix=ba%2Caps%2C283&sr=8-41,"Genie Glitter Backpack for Women - 3 compartments, Laptop Bags for Girls, Stylish and Trendy College Backpacks for Girls, Water Resistant and Lightweight Bags for Office and Travelling Purpose.","1,099.",4.3 out of 5 stars,393 ratings
http://www.amazon.in/sspa/click?ie=UTF8&spc=MTo4NjQzNTU1NjY3Njk1MTA3OjE2Nzk0OTc2MjE6c3BfbXRmOjIwMTEzNzg4MTc1Mzk4OjowOjo&url=%2FHEROZ-Backpack-Resistant-Durable-Notebook%2Fdp%2FB07MJZGXBP%2Fref%3Dsr_1_43_sspa%3Fcrid%3D2M096C61O4MLT%26keywords%3Dbags%26qid%3D1679497621%26sprefix%3Dba%252Caps%252C283%26sr%3D8-43-spons%26sp_csd%3Dd2lkZ2V0TmFtZT1zcF9tdGY%26psc%3D1,HEROZ Hammer Unisex Nylon 45 L Travel Laptop Backpack Water Resistant Slim Durable Fits Up to 17.3 Inch Laptop Notebook (All) (Grey & A. Blue 212),"1,349.",4.3 out of 5 stars,"7,738 ratings"
http://www.amazon.in/sspa/click?ie=UTF8&spc=MTo4NjQzNTU1NjY3Njk1MTA3OjE2Nzk0OTc2MjE6c3BfbXRmOjIwMTMyMTI0MjA4Mzk4OjowOjo&url=%2FHalf-Moon-Trekking-Bags-Compartment%2Fdp%2FB08PSX1LN9%2Fref%3Dsr_1_44_sspa%3Fcrid%3D2M096C61O4MLT%26keywords%3Dbags%26qid%3D1679497621%26sprefix%3Dba%252Caps%252C283%26sr%3D8-44-spons%26sp_csd%3Dd2lkZ2V0TmFtZT1zcF9tdGY%26psc%3D1,Half Moon 45L Hammer Waterproof Laptop Travelling Rucksack Trekking Backpack for Travel Journey bags for Men Women Boys & Girls with 17.3inch Laptop Compartment & Rain cover,"1,299.",4.1 out of 5 stars,"1,017 ratings"
http://www.amazon.in/AmazonBasics-Casual-Backpack-Office-15-6-inch/dp/B09W4VMZ79/ref=sr_1_46?crid=2M096C61O4MLT&keywords=bags&qid=1679497621&sprefix=ba%2Caps%2C283&sr=8-46,AmazonBasics - Casual Backpack/Office Bag/ for a 15.6-inch Laptop,709.,4.2 out of 5 stars,435 ratings
http://www.amazon.in/Half-Moon-Waterproof-Laptop-Backpack/dp/B09QM9N1B3/ref=sr_1_47?crid=2M096C61O4MLT&keywords=bags&qid=1679497621&sprefix=ba%2Caps%2C283&sr=8-47,Half Moon 30L Waterproof 15.6 inch Laptop Office School College Bag Backpack for Men Women Boys & Girls,589.,3.6 out of 5 stars,361 ratings
http://www.amazon.in/ZIPLINE-Polyester-Backpack-Children-Daypack/dp/B07XVMR33Q/ref=sr_1_50?crid=2M096C61O4MLT&keywords=bags&qid=1679497621&sprefix=ba%2Caps%2C283&sr=8-50,Zipline Unisex casual polyester 36 L Backpack School Bag Women Men Boys Girls children Daypack College Bag Book School Sports Bag Weekend Bag,834.,4.0 out of 5 stars,"5,144 ratings"
http://www.amazon.in/Bennett-15-6-inch-Repellent-Backpack-ben_cas_blue/dp/B09WZKB54G/ref=sr_1_52?crid=2M096C61O4MLT&keywords=bags&qid=1679497621&sprefix=ba%2Caps%2C283&sr=8-52,"Bennett Laptop Bag for Menं & Women 15.6 inch, 25 L Water Resistant Bag Laptop Apple/Dell/Lenovo/Asus/Hp/Samsung/Mi/MacBook/Ultrabook/Thinkpad/Ideapad/Surfacepro (Blue)",512.,4.0 out of 5 stars,439 ratings
http://www.amazon.in/sspa/click?ie=UTF8&spc=MTo4NjQzNTU1NjY3Njk1MTA3OjE2Nzk0OTc2MjE6c3BfYnRmOjIwMDcyMzk1NTEyNzAyOjowOjo&url=%2FArtistix-Unisex-Travel-Backpack-Repellent%2Fdp%2FB09B5DMGM1%2Fref%3Dsr_1_53_sspa%3Fcrid%3D2M096C61O4MLT%26keywords%3Dbags%26qid%3D1679497621%26sprefix%3Dba%252Caps%252C283%26sr%3D8-53-spons%26sp_csd%3Dd2lkZ2V0TmFtZT1zcF9idGY%26psc%3D1,"Artistix Avian Unisex Water Repellent Anti Theft Travel Backpack with USB Port (Black, 32 L)","1,989.",4.6 out of 5 stars,669 ratings
http://www.amazon.in/sspa/click?ie=UTF8&spc=MTo4NjQzNTU1NjY3Njk1MTA3OjE2Nzk0OTc2MjE6c3BfYnRmOjIwMTMwMzcwODU3ODk4OjowOjo&url=%2FHA-CREATION-Backpack-Multicolour-Collage%2Fdp%2FB0B2Q3MGC8%2Fref%3Dsr_1_54_sspa%3Fcrid%3D2M096C61O4MLT%26keywords%3Dbags%26qid%3D1679497621%26sprefix%3Dba%252Caps%252C283%26sr%3D8-54-spons%26sp_csd%3Dd2lkZ2V0TmFtZT1zcF9idGY%26psc%3D1,HA CREATION Heavy duty Large 45-L Backpack (Multicolour) Laptop Backpack Unisex Collage & School Bags,499.,3.5 out of 5 stars,59 ratings
http://www.amazon.in/sspa/click?ie=UTF8&spc=MTo2OTI1Nzg1MDM5MzcyMjQ0OjE2Nzk0OTc2ODg6c3BfYXRmX25leHQ6MjAxMTIwOTYzMTc1OTg6OjA6Og&url=%2Fuppercase-Professional-Anti-theft-resistant-sustainable%2Fdp%2FB0BSH4H4DB%2Fref%3Dsr_1_49_sspa%3Fcrid%3D2M096C61O4MLT%26keywords%3Dbags%26qid%3D1679497688%26sprefix%3Dba%252Caps%252C283%26sr%3D8-49-spons%26sp_csd%3Dd2lkZ2V0TmFtZT1zcF9hdGZfbmV4dA%26psc%3D1,"uppercase Matrix Professional Anti-theft Laptop Backpack (15.6 Inch) 3x more water resistant sustainable bags with rain proof zippers for Men, Women, Boys and Girls, 750 Days warranty","2,300",4.2 out of 5 stars,12 ratings
http://www.amazon.in/sspa/click?ie=UTF8&spc=MTo2OTI1Nzg1MDM5MzcyMjQ0OjE2Nzk0OTc2ODg6c3BfYXRmX25leHQ6MjAxMTM3ODgxNzUxOTg6OjA6Og&url=%2FHEROZ-Backpack-Resistant-Durable-Notebook%2Fdp%2FB08BYQZYYC%2Fref%3Dsr_1_50_sspa%3Fcrid%3D2M096C61O4MLT%26keywords%3Dbags%26qid%3D1679497688%26sprefix%3Dba%252Caps%252C283%26sr%3D8-50-spons%26sp_csd%3Dd2lkZ2V0TmFtZT1zcF9hdGZfbmV4dA%26psc%3D1,HEROZ Hammer Unisex Nylon 45 L Travel Laptop Backpack Water Resistant Slim Durable Fits Up to 17.3 Inch Laptop Notebook (All) (Navy Blue & Sky Blue),"1,349.",4.3 out of 5 stars,"7,738 ratings"
http://www.amazon.in/Lenovo-Laptop-Backpack-15-6-Inch-GX40Q17225/dp/B075Y72PHZ/ref=sr_1_52?crid=2M096C61O4MLT&keywords=bags&qid=1679497688&sprefix=ba%2Caps%2C283&sr=8-52,Lenovo Casual Laptop Backpack B210 15.6-inch(39.6cm) Water Repellent Black,799.,4.2 out of 5 stars,"54,803 ratings"
http://www.amazon.in/Chic-Buddy-Waterproof-Swimsuits-Toiletries/dp/B09KSBHC18/ref=sr_1_53?crid=2M096C61O4MLT&keywords=bags&qid=1679497688&sprefix=ba%2Caps%2C283&sr=8-53,"Chic Buddy Waterproof Wet Bag, Washable, Reusable for Travel, Beach, Pool, Stroller, Diapers, Dirty Gym Clothes, Wet Swimsuits, Toiletries",299.,4.4 out of 5 stars,282 ratings
http://www.amazon.in/Hilfiger-Joshua-Backpack-TH-JOSHUALAP01/dp/B07N8GRWTZ/ref=sr_1_57?crid=2M096C61O4MLT&keywords=bags&qid=1679497688&sprefix=ba%2Caps%2C283&sr=8-57,Tommy Hilfiger Joshua 15 inch 21 Ltrs Light Grey Laptop Backpack (TH/JOSHUALAP07),"2,239.",3.9 out of 5 stars,402 ratings
http://www.amazon.in/sspa/click?ie=UTF8&spc=MTo2OTI1Nzg1MDM5MzcyMjQ0OjE2Nzk0OTc2ODg6c3BfbXRmOjIwMDc1NTA4OTMyMDk4OjowOjo&url=%2FSkating-Resistant-College-Backpack-Computer%2Fdp%2FB0978Z7K6G%2Fref%3Dsr_1_59_sspa%3Fcrid%3D2M096C61O4MLT%26keywords%3Dbags%26qid%3D1679497688%26sprefix%3Dba%252Caps%252C283%26sr%3D8-59-spons%26sp_csd%3Dd2lkZ2V0TmFtZT1zcF9tdGY%26psc%3D1,"jaspo Roller Skating Bag, Quad & Inline Skates (Water Resistant), Casual/Office/College Book Backpack Computer/Laptop Bag for Both Kids & Adults Travel Backpack",521,3.4 out of 5 stars,69 ratings
http://www.amazon.in/sspa/click?ie=UTF8&spc=MTo2OTI1Nzg1MDM5MzcyMjQ0OjE2Nzk0OTc2ODg6c3BfbXRmOjIwMTA4NDc1MDc0Njk4OjowOjo&url=%2Fuppercase-Professional-Backpack-resistant-sustainable%2Fdp%2FB0BRMWDNZ7%2Fref%3Dsr_1_60_sspa%3Fcrid%3D2M096C61O4MLT%26keywords%3Dbags%26qid%3D1679497688%26sprefix%3Dba%252Caps%252C283%26sr%3D8-60-spons%26sp_csd%3Dd2lkZ2V0TmFtZT1zcF9tdGY%26psc%3D1,"uppercase 26 Ltrs Ryder Professional Laptop Backpack (15.6 Inch) 3x more water resistant sustainable bags with rain proof zippers for Men, Women, Boys and Girls, 750 Days warranty","2,400.",4.7 out of 5 stars,19 ratings
http://www.amazon.in/Lunars-Bingo-Laptop-Resistant-48L/dp/B08YZ8FFBZ/ref=sr_1_63?crid=2M096C61O4MLT&keywords=bags&qid=1679497688&sprefix=ba%2Caps%2C283&sr=8-63,Lunar's Bingo - 48 L Laptop Office/School/Travel/Business Backpack Water Resistant - Fits Up to 15.6 Inch Laptop Notebook with 1 Year Warranty,899,3.9 out of 5 stars,"9,061 ratings"
http://www.amazon.in/sspa/click?ie=UTF8&spc=MTo2OTI1Nzg1MDM5MzcyMjQ0OjE2Nzk0OTc2ODg6c3BfYnRmOjIwMTE3Nzk1ODc2OTk4OjowOjo&url=%2FMOKOBARA-TSBPK12CND22001-Backpack-Modern-Love%2Fdp%2FB08T1769X9%2Fref%3Dsr_1_69_sspa%3Fcrid%3D2M096C61O4MLT%26keywords%3Dbags%26qid%3D1679497688%26sprefix%3Dba%252Caps%252C283%26sr%3D8-69-spons%26sp_csd%3Dd2lkZ2V0TmFtZT1zcF9idGY%26psc%3D1%26smid%3DA2ZJIE4OXD710M,"MOKOBARA Backpack 15.5"" Inch Laptop Backpack For Women (16 litres ) Improved (2022 - Model)","4,499.",4.3 out of 5 stars,152 ratings
http://www.amazon.in/sspa/click?ie=UTF8&spc=MTo2OTI1Nzg1MDM5MzcyMjQ0OjE2Nzk0OTc2ODg6c3BfYnRmOjIwMTExODI1MjI3Mzk4OjowOjo&url=%2FGenie-Glitter-Backpack-Women-compartments%2Fdp%2FB097JHQH13%2Fref%3Dsr_1_70_sspa%3Fcrid%3D2M096C61O4MLT%26keywords%3Dbags%26qid%3D1679497688%26sprefix%3Dba%252Caps%252C283%26sr%3D8-70-spons%26sp_csd%3Dd2lkZ2V0TmFtZT1zcF9idGY%26psc%3D1,"Genie Glitter Backpack for Women - 3 compartments, Laptop Bags for Girls, Stylish and Trendy College Backpacks for Girls, Water Resistant and Lightweight Bags for Office and Travelling Purpose.","1,099.",4.3 out of 5 stars,393 ratings
http://www.amazon.in/sspa/click?ie=UTF8&spc=MTo4NTYwODc4NDg2MTQzMjc5OjE2Nzk0OTc3NDc6c3BfYXRmX25leHQ6MjAxMDU0NTE4NTE0OTg6OjA6Og&url=%2Fuppercase-Professional-resistant-sustainable-Anti-theft%2Fdp%2FB0BR179L65%2Fref%3Dsr_1_65_sspa%3Fcrid%3D2M096C61O4MLT%26keywords%3Dbags%26qid%3D1679497747%26sprefix%3Dba%252Caps%252C283%26sr%3D8-65-spons%26sp_csd%3Dd2lkZ2V0TmFtZT1zcF9hdGZfbmV4dA%26psc%3D1,"uppercase SealPro Professional Laptop Backpack (15.6 Inch) 3x more water resistant sustainable bags with rain proof zippers & Anti-theft for Men, Women, Boys and Girls, 750 Days warranty","1,900.",4.9 out of 5 stars,23 ratings
http://www.amazon.in/sspa/click?ie=UTF8&spc=MTo4NTYwODc4NDg2MTQzMjc5OjE2Nzk0OTc3NDc6c3BfYXRmX25leHQ6MjAwODAyODgyMjU5OTg6OjA6Og&url=%2FClownfish-Resistant-Polyester-Trolley-Backpack%2Fdp%2FB0BFL7SVSM%2Fref%3Dsr_1_66_sspa%3Fcrid%3D2M096C61O4MLT%26keywords%3Dbags%26qid%3D1679497747%26sprefix%3Dba%252Caps%252C283%26sr%3D8-66-spons%26sp_csd%3Dd2lkZ2V0TmFtZT1zcF9hdGZfbmV4dA%26psc%3D1,The Clownfish Tramp 33 Litre Water Resistant Polyester Two Wheel Laptop Trolley Backpack (Black- Size 48 Cm),"5,699.",5.0 out of 5 stars,2 ratings
http://www.amazon.in/Resistant-Duffle-Shoulder-Separate-Compartment/dp/B09KVBSG61/ref=sr_1_67?crid=2M096C61O4MLT&keywords=bags&qid=1679497747&sprefix=ba%2Caps%2C283&sr=8-67,"Wooum Polyester 23 cms Gym Bag Sport Outdoor Bag, Shoulder Bag Side Bag with Separate Shoes Compartment Water Resistance - Dark Grey",397.,4.2 out of 5 stars,466 ratings
http://www.amazon.in/HAMMONDS-FLYCATCHER-Genuine-Shoulder-Messenger/dp/B07P2TQH78/ref=sr_1_69?crid=2M096C61O4MLT&keywords=bags&qid=1679497747&sprefix=ba%2Caps%2C283&sr=8-69,"Hammonds Flycatcher Genuine Leather Laptop Bag for Men/Office Bag for Men, Brown | Fits Upto 16 Inch Laptop/MacBook| Leather Bag with Shoulder Straps | Laptop Messenger Bag/Leather Bag for Men |","2,599.",4.3 out of 5 stars,"4,688 ratings"
http://www.amazon.in/SIDRUM-Shoulder-Adjustable-Compatible-Mirrorless/dp/B09P74TZY8/ref=sr_1_70?crid=2M096C61O4MLT&keywords=bags&qid=1679497747&sprefix=ba%2Caps%2C283&sr=8-70,"SIDRUM WF-18 DSLR/SLR Camera Shoulder Bag Case with Adjustable Shoulder Strap & Rain Cover, Compatible for Nikon, Canon, Sony Mirrorless Cameras - Waterproof - Breathable - Anti Shock (Orange-Black)",664.,4.4 out of 5 stars,916 ratings
http://www.amazon.in/sspa/click?ie=UTF8&spc=MTo4NTYwODc4NDg2MTQzMjc5OjE2Nzk0OTc3NDc6c3BfbXRmOjIwMTMwMDI1MDE0NTk4OjowOjo&url=%2FTommy-Hilfiger-Jaylen-Polyester-Backpack%2Fdp%2FB0BBQH4HNM%2Fref%3Dsr_1_75_sspa%3Fcrid%3D2M096C61O4MLT%26keywords%3Dbags%26qid%3D1679497747%26sprefix%3Dba%252Caps%252C283%26sr%3D8-75-spons%26sp_csd%3Dd2lkZ2V0TmFtZT1zcF9tdGY%26psc%3D1,Tommy Hilfiger Jaylen Unisex Polyester 15 Inch Laptop Backpack Black,"2,099.",4.4 out of 5 stars,7 ratings
http://www.amazon.in/sspa/click?ie=UTF8&spc=MTo4NTYwODc4NDg2MTQzMjc5OjE2Nzk0OTc3NDc6c3BfbXRmOjIwMTEzNzg4MTc1Nzk4OjowOjo&url=%2FHEROZ-Hammer-Durable-Travel-Laptop%2Fdp%2FB07MCRFH6N%2Fref%3Dsr_1_76_sspa%3Fcrid%3D2M096C61O4MLT%26keywords%3Dbags%26qid%3D1679497747%26sprefix%3Dba%252Caps%252C283%26sr%3D8-76-spons%26sp_csd%3Dd2lkZ2V0TmFtZT1zcF9tdGY%26psc%3D1,HEROZ Hammer Unisex Nylon 45 L Travel Laptop Backpack Water Resistant Slim Durable Fits Up to 17.3 Inch Laptop Notebook (All) (Grey & Navy Blue),"1,349.",4.3 out of 5 stars,"7,738 ratings"
http://www.amazon.in/Puma-76855-teamGOAL-Backpack-Core/dp/B07XJPLL27/ref=sr_1_83?crid=2M096C61O4MLT&keywords=bags&qid=1679497747&sprefix=ba%2Caps%2C283&sr=8-83,Puma Unisex teamGOAL 23 Backpack Core Black X,939,4.3 out of 5 stars,"2,626 ratings"
http://www.amazon.in/sspa/click?ie=UTF8&spc=MTo4NTYwODc4NDg2MTQzMjc5OjE2Nzk0OTc3NDc6c3BfYnRmOjIwMDg0MTM4NDM5NTk4OjowOjo&url=%2FSINOPACK-BACKPACK-LAPTOP-SCHOOL-LITER%2Fdp%2FB0BGPFCN7L%2Fref%3Dsr_1_85_sspa%3Fcrid%3D2M096C61O4MLT%26keywords%3Dbags%26qid%3D1679497747%26sprefix%3Dba%252Caps%252C283%26sr%3D8-85-spons%26sp_csd%3Dd2lkZ2V0TmFtZT1zcF9idGY%26psc%3D1,"SINOPACK BAG AND BACKPACK FOR LAPTOP, SCHOOL, 32 LITER (33cms x 22cms x 51cms)",499,5.0 out of 5 stars,1 rating
http://www.amazon.in/sspa/click?ie=UTF8&spc=MTo4NTYwODc4NDg2MTQzMjc5OjE2Nzk0OTc3NDc6c3BfYnRmOjIwMTEwNDk0MDA5Mjk4OjowOjo&url=%2FClownfish-Polyester-Comfortable-Multipurpose-Toiletry%2Fdp%2FB0BPPC9W1N%2Fref%3Dsr_1_86_sspa%3Fcrid%3D2M096C61O4MLT%26keywords%3Dbags%26qid%3D1679497747%26sprefix%3Dba%252Caps%252C283%26sr%3D8-86-spons%26sp_csd%3Dd2lkZ2V0TmFtZT1zcF9idGY%26psc%3D1,The Clownfish Combo of Rex Series Polyester 14 inch Laptop Sleeve with Comfortable Carry Handle & Scholar Series Multipurpose Polyester Travel Pouch Pencil Case Toiletry Bag (Brown),839.,3.0 out of 5 stars,1 rating
http://www.amazon.in/sspa/click?ie=UTF8&spc=MTo2NTgzODAxNzUwNDIzNzA5OjE2Nzk0OTc4MDg6c3BfYXRmX25leHQ6MjAxMDA4NTUwOTg1OTg6OjA6Og&url=%2FFur-Jaden-resistant-Backpack-BM100_Brown%2Fdp%2FB07P5X6NSN%2Fref%3Dsr_1_81_sspa%3Fcrid%3D2M096C61O4MLT%26keywords%3Dbags%26qid%3D1679497808%26sprefix%3Dba%252Caps%252C283%26sr%3D8-81-spons%26sp_csd%3Dd2lkZ2V0TmFtZT1zcF9hdGZfbmV4dA%26psc%3D1,FUR JADEN Vegan Leather 30L 15.6 Inch Laptop Backpack for Men Women for Office Professionals and College Students,889.,4.2 out of 5 stars,"2,238 ratings"
http://www.amazon.in/sspa/click?ie=UTF8&spc=MTo2NTgzODAxNzUwNDIzNzA5OjE2Nzk0OTc4MDg6c3BfYXRmX25leHQ6MjAxMDg3MTI4NzA2OTg6OjA6Og&url=%2FClownfish-Victor-Leather-Backpack-Laptops%2Fdp%2FB07PHSQ1SJ%2Fref%3Dsr_1_82_sspa%3Fcrid%3D2M096C61O4MLT%26keywords%3Dbags%26qid%3D1679497808%26sprefix%3Dba%252Caps%252C283%26sr%3D8-82-spons%26sp_csd%3Dd2lkZ2V0TmFtZT1zcF9hdGZfbmV4dA%26psc%3D1,The Clownfish Maverick Backpack 40 liters |15.6 inch Laptop Backpack | Travel Bag,"1,499",4.2 out of 5 stars,743 ratings
http://www.amazon.in/ADISA-Women-Girls-Floral-SL5072-CRE_Cream/dp/B09B56BCXR/ref=sr_1_87?crid=2M096C61O4MLT&keywords=bags&qid=1679497808&sprefix=ba%2Caps%2C283&sr=8-87,ADISA Women Girls Floral Print Sling Bag,495,4.2 out of 5 stars,"1,213 ratings"
http://www.amazon.in/Wildcraft-Turnaround-Polyester-Laptop-8903340000000/dp/B012D4QWES/ref=sr_1_88?crid=2M096C61O4MLT&keywords=bags&qid=1679497808&sprefix=ba%2Caps%2C283&sr=8-88,Wildcraft Turnaround Polyester 14 inch 27 Ltrs Blue Laptop Bag (8903340000000),"1,895.",4.3 out of 5 stars,"3,231 ratings"
http://www.amazon.in/sspa/click?ie=UTF8&spc=MTo2NTgzODAxNzUwNDIzNzA5OjE2Nzk0OTc4MDg6c3BfbXRmOjIwMTA4NTk1NTk4MDk4OjowOjo&url=%2FLavie-Sport-Chairman-Compatible-compartments%2Fdp%2FB0B45SWK51%2Fref%3Dsr_1_91_sspa%3Fcrid%3D2M096C61O4MLT%26keywords%3Dbags%26qid%3D1679497808%26sprefix%3Dba%252Caps%252C283%26sr%3D8-91-spons%26sp_csd%3Dd2lkZ2V0TmFtZT1zcF9tdGY%26psc%3D1,Lavie Sport Chairman Laptop Bag | Premium Leatherette Business Backpack for Men & Women | Durable Office Bag for Notebook/MacBook,899,4.0 out of 5 stars,733 ratings
http://www.amazon.in/sspa/click?ie=UTF8&spc=MTo2NTgzODAxNzUwNDIzNzA5OjE2Nzk0OTc4MDg6c3BfbXRmOjIwMDc4NzY3OTY0Nzk4OjowOjo&url=%2FStrabo-Laptop-Backpack-Office-College%2Fdp%2FB09SB4FKGH%2Fref%3Dsr_1_92_sspa%3Fcrid%3D2M096C61O4MLT%26keywords%3Dbags%26qid%3D1679497808%26sprefix%3Dba%252Caps%252C283%26sr%3D8-92-spons%26sp_csd%3Dd2lkZ2V0TmFtZT1zcF9tdGY%26psc%3D1,"STRABO Oslo 37 L Nylon Black 15.6"" inch Laptop Backpack | Office, College, Travel Bag","1,359.",4.4 out of 5 stars,16 ratings
http://www.amazon.in/Lunars-Travel-Laptop-Bag-compartments/dp/B08NHL52MK/ref=sr_1_96?crid=2M096C61O4MLT&keywords=bags&qid=1679497808&sprefix=ba%2Caps%2C283&sr=8-96,"Lunar's Unisex 50L Water Resistant Office/Travel/Business Laptop Backpack, Bag for up to 17.3 inch Laptop/MacBook with rain Cover and 2 Large compartments","1,199",4.0 out of 5 stars,"2,486 ratings"
http://www.amazon.in/Lavie-Broxa-Womens-Sling-Plum/dp/B08JDG1NKX/ref=sr_1_97?crid=2M096C61O4MLT&keywords=bags&qid=1679497808&sprefix=ba%2Caps%2C283&sr=8-97,Lavie Women's Broxa Flap Over Sling Bag | Ladies Purse Handbag,"1,069.",4.2 out of 5 stars,"5,690 ratings"
http://www.amazon.in/Lenovo-Carrying-15-6-Inch-Toploader-GX40Q17229/dp/B075Y6Y9H5/ref=sr_1_98?crid=2M096C61O4MLT&keywords=bags&qid=1679497808&sprefix=ba%2Caps%2C283&sr=8-98,Lenovo Casual Laptop Briefcase T210 (Toploader) 39.62 cm (15.6-inch) Water Repellent Black,980.,4.2 out of 5 stars,"54,803 ratings"
http://www.amazon.in/BP1501-15-6-inch-Gaming-Laptop-Backpack/dp/B081RLHHCY/ref=sr_1_100?crid=2M096C61O4MLT&keywords=bags&qid=1679497808&sprefix=ba%2Caps%2C283&sr=8-100,Asus ROG BP1501 39.62 cm (15.6-inch) Gaming Laptop Backpack (Black),"1,499.",4.3 out of 5 stars,876 ratings
http://www.amazon.in/sspa/click?ie=UTF8&spc=MTo2NTgzODAxNzUwNDIzNzA5OjE2Nzk0OTc4MDg6c3BfYnRmOjIwMTAzOTY5MjQ1NTk4OjowOjo&url=%2FVertical-Polyester-Backpack-8903496163575-33X16X47%2Fdp%2FB09FGH5JFP%2Fref%3Dsr_1_101_sspa%3Fcrid%3D2M096C61O4MLT%26keywords%3Dbags%26qid%3D1679497808%26sprefix%3Dba%252Caps%252C283%26sr%3D8-101-spons%26sp_csd%3Dd2lkZ2V0TmFtZT1zcF9idGY%26psc%3D1,The Vertical Unisex 25 Ltrs Laptop Backpack (Up to 14 Inch) With 2 Compartments,700,3.7 out of 5 stars,22 ratings
http://www.amazon.in/sspa/click?ie=UTF8&spc=MTo2NTgzODAxNzUwNDIzNzA5OjE2Nzk0OTc4MDg6c3BfYnRmOjIwMTI3NjgzODcyMzk4OjowOjo&url=%2Fuppercase-Professional-Backpack-resistant-sustainable%2Fdp%2FB0BXFDK5J2%2Fref%3Dsr_1_102_sspa%3Fcrid%3D2M096C61O4MLT%26keywords%3Dbags%26qid%3D1679497808%26sprefix%3Dba%252Caps%252C283%26sr%3D8-102-spons%26sp_csd%3Dd2lkZ2V0TmFtZT1zcF9idGY%26psc%3D1,"uppercase 26 Ltrs Ryder Professional Laptop Backpack (15.6 Inch) 3x more water resistant sustainable bags with rain proof zippers for Men, Women, Boys and Girls, 750 Days warranty","2,400.",4.7 out of 5 stars,19 ratings
http://www.amazon.in/sspa/click?ie=UTF8&spc=MTo1Mjg3MjA2MzU3Nzc4NzI5OjE2Nzk0OTc4NzY6c3BfYXRmX25leHQ6MjAxMDg3MTI4NzA3OTg6OjA6Og&url=%2FClownfish-Extremis-liter-Laptop-Backpack%2Fdp%2FB07NSYD9H8%2Fref%3Dsr_1_97_sspa%3Fcrid%3D2M096C61O4MLT%26keywords%3Dbags%26qid%3D1679497876%26sprefix%3Dba%252Caps%252C283%26sr%3D8-97-spons%26sp_csd%3Dd2lkZ2V0TmFtZT1zcF9hdGZfbmV4dA%26psc%3D1,THE CLOWNFISH Mark XXIX Extremis 27 liters Leatherette Mature Unisex Laptop Backpack for 14 inch Laptop Laptop Bakpack ( Mud Brown),"1,319.",4.3 out of 5 stars,106 ratings
http://www.amazon.in/sspa/click?ie=UTF8&spc=MTo1Mjg3MjA2MzU3Nzc4NzI5OjE2Nzk0OTc4NzY6c3BfYXRmX25leHQ6MjAxMzIxMjQyMDgyOTg6OjA6Og&url=%2FHalf-Moon-Waterproof-Laptop-Compartment%2Fdp%2FB09XLNNQC1%2Fref%3Dsr_1_98_sspa%3Fcrid%3D2M096C61O4MLT%26keywords%3Dbags%26qid%3D1679497876%26sprefix%3Dba%252Caps%252C283%26sr%3D8-98-spons%26sp_csd%3Dd2lkZ2V0TmFtZT1zcF9hdGZfbmV4dA%26psc%3D1,Half Moon 45L Hammer Waterproof Laptop Travelling Rucksack Trekking Backpack for Travel Journey bags for Men Women Boys & Girls with 17.3inch Laptop Compartment & Rain cover,"1,299",4.1 out of 5 stars,"1,017 ratings"
http://www.amazon.in/House-Quirk-Electronics-Accessories-Organizer/dp/B07MMGBD1J/ref=sr_1_100?crid=2M096C61O4MLT&keywords=bags&qid=1679497876&sprefix=ba%2Caps%2C283&sr=8-100,"House of Quirk Electronics Accessories Organizer Bag, Universal Carry Travel Gadget Bag for Cables, Plug and More, Perfect Size Fits for Pad Phone Charger Hard Disk - Dark Blue",499.,4.3 out of 5 stars,"6,773 ratings"
http://www.amazon.in/Bagneeds-Synthetic-Leather-Briefcase-Messenger/dp/B0855F8174/ref=sr_1_101?crid=2M096C61O4MLT&keywords=bags&qid=1679497876&sprefix=ba%2Caps%2C283&sr=8-101,Bagneeds Men's Black Synthetic Leather Briefcase Best Laptop Messenger Bag Satchel for Men,664,4.1 out of 5 stars,"3,861 ratings"
http://www.amazon.in/Step-Backpack-Small-Water-Repellant/dp/B088XG77KN/ref=sr_1_102?crid=2M096C61O4MLT&keywords=bags&qid=1679497876&sprefix=ba%2Caps%2C283&sr=8-102,"Mi Step Out 12 L Mini Backpack (Small Size, Red, Water Repellant)",263.,4.1 out of 5 stars,"8,199 ratings"
http://www.amazon.in/sspa/click?ie=UTF8&spc=MTo1Mjg3MjA2MzU3Nzc4NzI5OjE2Nzk0OTc4NzY6c3BfbXRmOjIwMDM5NjcwNDg4OTk4OjowOjo&url=%2FHP-OMEN-Transceptor-Backpack-15-inch%2Fdp%2FB087QWFDNP%2Fref%3Dsr_1_107_sspa%3Fcrid%3D2M096C61O4MLT%26keywords%3Dbags%26qid%3D1679497876%26sprefix%3Dba%252Caps%252C283%26sr%3D8-107-spons%26sp_csd%3Dd2lkZ2V0TmFtZT1zcF9tdGY%26psc%3D1,HP OMEN Transceptor 15.6-inch Water Resistant Backpack with Padded Shoulder Straps for Laptops and Notebooks,"3,690.",4.3 out of 5 stars,38 ratings
http://www.amazon.in/sspa/click?ie=UTF8&spc=MTo1Mjg3MjA2MzU3Nzc4NzI5OjE2Nzk0OTc4NzY6c3BfbXRmOjIwMDE1OTQ2MzU1NDk4OjowOjo&url=%2FLunars-Laptop-Office-Water-Resistant%2Fdp%2FB09MF7B1ZK%2Fref%3Dsr_1_108_sspa%3Fcrid%3D2M096C61O4MLT%26keywords%3Dbags%26qid%3D1679497876%26sprefix%3Dba%252Caps%252C283%26sr%3D8-108-spons%26sp_csd%3Dd2lkZ2V0TmFtZT1zcF9tdGY%26psc%3D1,Lunar's 45 L Laptop Office/School/Travel/Business Backpack Water Resistant - Fits Up to 15.6 Inch Laptop Notebook with 1 Year Warranty,899,3.9 out of 5 stars,128 ratings
http://www.amazon.in/Amazon-Brand-Backpack-15-6-inch-Laptops/dp/B076QFBFRG/ref=sr_1_111?crid=2M096C61O4MLT&keywords=bags&qid=1679497876&sprefix=ba%2Caps%2C283&sr=8-111,"Amazon Brand - Solimo Laptop Backpack for 15.6-inch Laptops (27 litres, Black)",429.,3.9 out of 5 stars,"1,243 ratings"
http://www.amazon.in/Amazon-Brand-Presto-Oxo-Biodegradable-Garbage/dp/B0821PN8L4/ref=sr_1_112?crid=2M096C61O4MLT&keywords=bags&qid=1679497876&sprefix=ba%2Caps%2C283&sr=8-112,"Amazon Brand - Presto! Oxo-Biodegradable Garbage Bags, Medium - 30 bags/roll (Pack of 6)",339.,4.3 out of 5 stars,"30,163 ratings"
http://www.amazon.in/Gear-Ltrs-Casual-Backpack-MDBKPECO50504/dp/B0757K36YV/ref=sr_1_113?crid=2M096C61O4MLT&keywords=bags&qid=1679497876&sprefix=ba%2Caps%2C283&sr=8-113,Gear Moderneco5 21L Water Resistant School Bag/Backpack/College Bag For Men/Women - Navyblue,440.,3.9 out of 5 stars,"2,528 ratings"
http://www.amazon.in/sspa/click?ie=UTF8&spc=MTo1Mjg3MjA2MzU3Nzc4NzI5OjE2Nzk0OTc4NzY6c3BfYnRmOjIwMTE4MzYyNjg2MDk4OjowOjo&url=%2Fuppercase-Professional-Backpack-resistant-sustainable%2Fdp%2FB0BTYTY8GG%2Fref%3Dsr_1_117_sspa%3Fcrid%3D2M096C61O4MLT%26keywords%3Dbags%26qid%3D1679497876%26sprefix%3Dba%252Caps%252C283%26sr%3D8-117-spons%26sp_csd%3Dd2lkZ2V0TmFtZT1zcF9idGY%26psc%3D1,"uppercase Sigma Professional Laptop Backpack (15.6 Inch) 3x more water resistant sustainable bags with rain proof zippers for Men, Women, Boys and Girls, 750 Days warranty","2,100",5.0 out of 5 stars,10 ratings
http://www.amazon.in/sspa/click?ie=UTF8&spc=MTo1Mjg3MjA2MzU3Nzc4NzI5OjE2Nzk0OTc4NzY6c3BfYnRmOjIwMDk3NTc5NTAxODk4OjowOjo&url=%2Fuppercase-Medium-Laptop-Backpack-2100EBP1%2Fdp%2FB0B68Y7H6F%2Fref%3Dsr_1_118_sspa%3Fcrid%3D2M096C61O4MLT%26keywords%3Dbags%26qid%3D1679497876%26sprefix%3Dba%252Caps%252C283%26sr%3D8-118-spons%26sp_csd%3Dd2lkZ2V0TmFtZT1zcF9idGY%26psc%3D1,"uppercase 14 Ltrs Medium (14.6 inch) Laptop Backpack 2100EBP1 Roll Top Office - College 3x more water repellent sustainable bags with rain proof zippers for Men, Women, Boys and Girls, 750 Days warranty","1,000",4.2 out of 5 stars,126 ratings
http://www.amazon.in/sspa/click?ie=UTF8&spc=MTo0MjY4ODkwMzQwMzkzMzM2OjE2Nzk0OTc5NDM6c3BfYXRmX25leHQ6MjAxMTc3OTU4NzQ1OTg6OjA6Og&url=%2FMokobara-Backpack-Leather-Resistant-Laptop%2Fdp%2FB0B7X81X69%2Fref%3Dsr_1_113_sspa%3Fcrid%3D2M096C61O4MLT%26keywords%3Dbags%26qid%3D1679497943%26sprefix%3Dba%252Caps%252C283%26sr%3D8-113-spons%26sp_csd%3Dd2lkZ2V0TmFtZT1zcF9hdGZfbmV4dA%26psc%3D1%26smid%3DA2ZJIE4OXD710M,"MOKOBARA The Work Backpack 15.6"" Inch Laptop | Travel Backpack For Men And Women","6,999",4.4 out of 5 stars,21 ratings
http://www.amazon.in/sspa/click?ie=UTF8&spc=MTo0MjY4ODkwMzQwMzkzMzM2OjE2Nzk0OTc5NDM6c3BfYXRmX25leHQ6MjAxMTA0OTQwMDg3OTg6OjA6Og&url=%2FClownfish-Polyester-Scholar-Multipurpose-Toiletry%2Fdp%2FB0BPMGXSNC%2Fref%3Dsr_1_114_sspa%3Fcrid%3D2M096C61O4MLT%26keywords%3Dbags%26qid%3D1679497943%26sprefix%3Dba%252Caps%252C283%26sr%3D8-114-spons%26sp_csd%3Dd2lkZ2V0TmFtZT1zcF9hdGZfbmV4dA%26psc%3D1,The Clownfish Combo of Algo Series Polyester 15.6 inch Laptop Sleeve & Scholar Series Multipurpose Polyester Travel Pouch Pencil Case Toiletry Bag (Blue),749.,Previous page,
http://www.amazon.in/Hoteon-Backpack-Anti-Theft-Earphone-Resistant/dp/B08HM4TQZZ/ref=sr_1_115?crid=2M096C61O4MLT&keywords=bags&qid=1679497943&sprefix=ba%2Caps%2C283&sr=8-115,"Golden Wolf Laptop Bag Anti-theft Backpack with Lock College School Laptop Backpack with Rain Cover Water Resistant Business Backpack with USB Port for 15.6-inch Laptop 25 L Travel Bag for Men, Dark Grey","1,946.",4.4 out of 5 stars,"3,252 ratings"
http://www.amazon.in/AirCase-C17-Laptop-Sleeve-Handle/dp/B07FJV79CX/ref=sr_1_120?crid=2M096C61O4MLT&keywords=bags&qid=1679497943&sprefix=ba%2Caps%2C283&sr=8-120,"AirCase Sleeve Messenger Bag with Handle & Detachable Shoulder Strap |for Upto 14"" Laptop/ MacBook | 3-in-1 use | 3 Zippered Spacious Pockets | Durable Nylon Padded Fabric, for Men & Women (Black)",778.,4.1 out of 5 stars,"1,215 ratings"
http://www.amazon.in/sspa/click?ie=UTF8&spc=MTo0MjY4ODkwMzQwMzkzMzM2OjE2Nzk0OTc5NDM6c3BfbXRmOjIwMTMxNTk0MzIzMjk4OjowOjo&url=%2FBACDA-Backpack-College-Business-Multifunctional%2Fdp%2FB0BW987XQP%2Fref%3Dsr_1_123_sspa%3Fcrid%3D2M096C61O4MLT%26keywords%3Dbags%26qid%3D1679497943%26sprefix%3Dba%252Caps%252C283%26sr%3D8-123-spons%26sp_csd%3Dd2lkZ2V0TmFtZT1zcF9tdGY%26psc%3D1,BACDA 24 L Casual Laptop Backpack fits 15.6 inch/Office Bag/School Bag/College Bag/Business Bag/Unisex Travel Outdoor Backpack Multifunctional Laptop Bag,839,5.0 out of 5 stars,2 ratings
http://www.amazon.in/sspa/click?ie=UTF8&spc=MTo0MjY4ODkwMzQwMzkzMzM2OjE2Nzk0OTc5NDM6c3BfbXRmOjIwMTIzNDg0NTE4Nzk4OjowOjo&url=%2FHEROZ-Backpack-Resistant-Durable-Notebook%2Fdp%2FB09B66Y2P4%2Fref%3Dsr_1_124_sspa%3Fcrid%3D2M096C61O4MLT%26keywords%3Dbags%26qid%3D1679497943%26sprefix%3Dba%252Caps%252C283%26sr%3D8-124-spons%26sp_csd%3Dd2lkZ2V0TmFtZT1zcF9tdGY%26psc%3D1,HEROZ Hammer Unisex Nylon 40 L Travel Laptop Backpack Water Resistant Slim Durable Fits Up to 17.3 Inch Laptop Notebook (Black & A. Blue),"1,079.",4.2 out of 5 stars,"1,087 ratings"
http://www.amazon.in/ASTRID-Womens-Round-Sling-Pompoms/dp/B08VS8JBNK/ref=sr_1_125?crid=2M096C61O4MLT&keywords=bags&qid=1679497943&sprefix=ba%2Caps%2C283&sr=8-125,ASTRID Women's Round Sling Bag with Pompoms (Brown),474.,4.4 out of 5 stars,349 ratings
http://www.amazon.in/Half-Moon-Resistant-Backpack-Compartment/dp/B09GG53CSL/ref=sr_1_128?crid=2M096C61O4MLT&keywords=bags&qid=1679497943&sprefix=ba%2Caps%2C283&sr=8-128,Half Moon 34 L Water Resistant 15.6 inch Laptop Bag/Backpack for Men Women Boys Girls/Office School College with Padded Laptop Compartment (Grey),749.,3.9 out of 5 stars,"1,218 ratings"
http://www.amazon.in/sspa/click?ie=UTF8&spc=MTo0MjY4ODkwMzQwMzkzMzM2OjE2Nzk0OTc5NDM6c3BfYnRmOjIwMTMxMjQxNjU3NDk4OjowOjo&url=%2Fcreation-Large-Laptop-Backpack-Multi-color%2Fdp%2FB09VL9BRYP%2Fref%3Dsr_1_133_sspa%3Fcrid%3D2M096C61O4MLT%26keywords%3Dbags%26qid%3D1679497943%26sprefix%3Dba%252Caps%252C283%26sr%3D8-133-spons%26sp_csd%3Dd2lkZ2V0TmFtZT1zcF9idGY%26psc%3D1,HA creation Large Laptop Backpack/Bag for Unisex Teens & Adults for College/Office/Travel/School Use in Multi-color | 30.5 cm x 18 cm x 46 cm.,499.,3.0 out of 5 stars,2 ratings
http://www.amazon.in/sspa/click?ie=UTF8&spc=MTo0MjY4ODkwMzQwMzkzMzM2OjE2Nzk0OTc5NDM6c3BfYnRmOjIwMTIyOTI3MjUxODk4OjowOjo&url=%2FRed-Lemon-Backpack-Charging-Resistant%2Fdp%2FB09WYVR9Y1%2Fref%3Dsr_1_134_sspa%3Fcrid%3D2M096C61O4MLT%26keywords%3Dbags%26qid%3D1679497943%26sprefix%3Dba%252Caps%252C283%26sr%3D8-134-spons%26sp_csd%3Dd2lkZ2V0TmFtZT1zcF9idGY%26psc%3D1,"Red Lemon Arctic Hunter Laptop Backpack with USB Charging for 15.6 Inch Laptop, Business Travel Bag with Luggage Strap, Water Resistant Backpack Casual Travel Backpack for Men & Woman","2,199.",3.8 out of 5 stars,24 ratings
